{
  "env_timestamp_utc": "2026-06-16T04:39:51.071378+00:00",
  "model": "yolov8s",
  "precision": "fp32",
  "input_shape": [
    1,
    3,
    640,
    640
  ],
  "n_parameters": 11166560,
  "device": "cuda",
  "cudnn_benchmark": true,
  "memory": {
    "allocated_before_mb": 47.51,
    "peak_during_mb": 85.01,
    "activation_mb": 37.5,
    "is_cuda": true
  },
  "timing": {
    "mean_ms": 2.453239840269089,
    "p50_ms": 2.4381439685821533,
    "p95_ms": 2.5815569043159483,
    "p99_ms": 2.6676736378669728,
    "std_ms": 0.0630345759229965,
    "min_ms": 2.3705599308013916,
    "max_ms": 2.9103360176086426,
    "n_reps": 200,
    "n_warmup": 50,
    "is_reportable": true
  },
  "samples_ms": [
    2.470720052719116,
    2.412544012069702,
    2.4033279418945312,
    2.4238080978393555,
    2.415616035461426,
    2.4197120666503906,
    2.4579200744628906,
    2.4647679328918457,
    2.5036799907684326,
    2.465791940689087,
    2.4770560264587402,
    2.4678399562835693,
    2.475935935974121,
    2.451456069946289,
    2.518239974975586,
    2.465791940689087,
    2.4729599952697754,
    2.460576057434082,
    2.441567897796631,
    2.4688639640808105,
    2.4798080921173096,
    2.461695909500122,
    2.4791040420532227,
    2.466815948486328,
    2.4729599952697754,
    2.7842559814453125,
    2.6105599403381348,
    2.4709761142730713,
    2.4667201042175293,
    2.4534718990325928,
    2.455712080001831,
    2.458400011062622,
    2.4817919731140137,
    2.4620161056518555,
    2.4791040420532227,
    2.461695909500122,
    2.475167989730835,
    2.446336030960083,
    2.442239999771118,
    2.466111898422241,
    2.461695909500122,
    2.4524800777435303,
    2.5088000297546387,
    2.461535930633545,
    2.5004799365997314,
    2.4625279903411865,
    2.516671895980835,
    2.4442241191864014,
    2.9103360176086426,
    2.6643199920654297,
    2.579456090927124,
    2.593791961669922,
    2.584575891494751,
    2.569216012954712,
    2.5815041065216064,
    2.5825600624084473,
    2.5415680408477783,
    2.559999942779541,
    2.5425920486450195,
    2.569024085998535,
    2.5110080242156982,
    2.604032039642334,
    2.6664960384368896,
    2.6144320964813232,
    2.4633920192718506,
    2.436095952987671,
    2.471935987472534,
    2.447360038757324,
    2.4608640670776367,
    2.44320011138916,
    2.4845759868621826,
    2.437824010848999,
    2.4299519062042236,
    2.441215991973877,
    2.4356799125671387,
    2.4310081005096436,
    2.397088050842285,
    2.4268798828125,
    2.409503936767578,
    2.412544012069702,
    2.4359679222106934,
    2.4299519062042236,
    2.4685120582580566,
    2.4562880992889404,
    2.4467198848724365,
    2.4409921169281006,
    2.4432640075683594,
    2.466815948486328,
    2.4460160732269287,
    2.445535898208618,
    2.445568084716797,
    2.4420480728149414,
    2.438175916671753,
    2.4342079162597656,
    2.442847967147827,
    2.4484479427337646,
    2.4350719451904297,
    2.4186880588531494,
    2.4186880588531494,
    2.42140793800354,
    2.4423999786376953,
    2.4346559047698975,
    2.439232110977173,
    2.4238080978393555,
    2.442528009414673,
    2.4205760955810547,
    2.4401919841766357,
    2.4309120178222656,
    2.431999921798706,
    2.439807891845703,
    2.426527976989746,
    2.412544012069702,
    2.421760082244873,
    2.3902080059051514,
    2.392064094543457,
    2.419071912765503,
    2.4432640075683594,
    2.4137918949127197,
    2.397984027862549,
    2.413439989089966,
    2.415616035461426,
    2.411520004272461,
    2.3705599308013916,
    2.4357759952545166,
    2.4338560104370117,
    2.441215991973877,
    2.4289278984069824,
    2.4384639263153076,
    2.4303040504455566,
    2.4381439685821533,
    2.438080072402954,
    2.445215940475464,
    2.4342401027679443,
    2.4461119174957275,
    2.420736074447632,
    2.425856113433838,
    2.433120012283325,
    2.4381439685821533,
    2.4317760467529297,
    2.436448097229004,
    2.4299519062042236,
    2.4353280067443848,
    2.445535898208618,
    2.436000108718872,
    2.4289278984069824,
    2.431999921798706,
    2.4131839275360107,
    2.3900160789489746,
    2.4368319511413574,
    2.451456069946289,
    2.436511993408203,
    2.4226560592651367,
    2.43286395072937,
    2.393887996673584,
    2.4289278984069824,
    2.409343957901001,
    2.4391679763793945,
    2.4054079055786133,
    2.437119960784912,
    2.386944055557251,
    2.425856113433838,
    2.445312023162842,
    2.4392640590667725,
    2.4194560050964355,
    2.4391679763793945,
    2.441279888153076,
    2.4374399185180664,
    2.433056116104126,
    2.4328320026397705,
    2.4299519062042236,
    2.421760082244873,
    2.4312000274658203,
    2.4287359714508057,
    2.4303359985351562,
    2.450432062149048,
    2.437376022338867,
    2.417664051055908,
    2.4381439685821533,
    2.426975965499878,
    2.4313600063323975,
    2.418368101119995,
    2.4266560077667236,
    2.4159998893737793,
    2.4350080490112305,
    2.416703939437866,
    2.4391679763793945,
    2.436095952987671,
    2.4327681064605713,
    2.3808000087738037,
    2.4033279418945312,
    2.3857920169830322,
    2.3948800563812256,
    2.4041919708251953,
    2.390048027038574,
    2.3951361179351807,
    2.37772798538208,
    2.380959987640381,
    2.381824016571045,
    2.438783884048462,
    2.4223999977111816
  ]
}