{
  "env_timestamp_utc": "2026-06-16T04:39:51.071378+00:00",
  "model": "yolov8s",
  "backend": "tensorrt_int8",
  "engine": "yolov8s_int8.trt",
  "precision": "int8 (79 quantized nodes via ModelOpt; activations + weights calibrated on 512 COCO images)",
  "input_shape": [
    1,
    3,
    640,
    640
  ],
  "fp32_eager_mean_ms": 2.453,
  "speedup_vs_fp32_eager": 4.601,
  "timing": {
    "mean_ms": 0.5331584015488624,
    "p50_ms": 0.5332159996032715,
    "p95_ms": 0.534467202425003,
    "p99_ms": 0.5365935730934143,
    "std_ms": 0.0009591418605833338,
    "min_ms": 0.5314559936523438,
    "max_ms": 0.5386239886283875,
    "n_reps": 200,
    "n_warmup": 50,
    "is_reportable": true
  }
}